id,lat,lon,elem,first,last
USC00011694,32.8158,-86.6044,TMAX,1893,2026
USC00012883,33.6794,-87.83,TMAX,1892,2026
USC00013511,32.6922,-87.5761,TMAX,1890,2026
USC00016121,33.9264,-86.4211,TMAX,1894,2026
USC00017304,34.6736,-86.0536,TMAX,1891,2026
USC00017366,32.4111,-87.0144,TMAX,1896,2026
USC00018024,33.4172,-86.1344,TMAX,1893,2026
USC00018469,34.5686,-85.6064,TMAX,1893,2026
USC00023393,32.9381,-112.6811,TMAX,1892,2026
USC00024453,34.7539,-112.1114,TMAX,1897,2026
USC00026250,34.1547,-114.2908,TMAX,1893,2024
USC00026796,34.5706,-112.4322,TMAX,1898,2026
USC00027480,33.1819,-110.5261,TMAX,1900,2026
USC00028619,31.7119,-110.0686,TMAX,1893,2026
USC00029359,35.2414,-112.1928,TMAX,1897,2026
USC00030220,34.1433,-93.0589,TMAX,1899,2026
USC00030286,33.6194,-94.0994,TMAX,1893,2026
USC00031152,33.59,-92.8236,TMAX,1890,2026
USC00031596,35.1033,-92.4903,TMAX,1893,2026
USC00031632,36.4083,-90.5917,TMAX,1893,2026
USC00032444,36.1011,-94.1736,TMAX,1892,2026
USC00032930,36.4261,-94.4481,TMAX,1898,2026
USC00033132,36.2747,-91.5056,TMAX,1897,2026
USC00033164,36.1956,-93.1061,TMAX,1891,2026
USC00033242,34.5208,-90.5903,TMAX,1897,2026
USC00033428,33.7092,-93.5564,TMAX,1892,2026
USC00033466,34.5128,-93.0486,TMAX,1887,2026
USC00033734,35.8244,-90.655,TMAX,1893,2026
USC00034562,34.3947,-92.8364,TMAX,1883,2026
USC00034638,34.7331,-90.7664,TMAX,1899,2026
USC00034666,35.9117,-92.6564,TMAX,1892,2026
USC00034756,34.5978,-94.29,TMAX,1891,2026
USC00035112,33.9292,-93.8508,TMAX,1899,2026
USC00035186,35.6042,-91.2747,TMAX,1884,2026
USC00035754,34.2256,-92.0186,TMAX,1884,2026
USC00035820,36.2642,-90.9683,TMAX,1871,2026
USC00035908,33.8203,-93.3878,TMAX,1890,2025
USC00036506,35.2678,-91.7167,TMAX,1892,2026
USC00036928,35.3028,-93.6369,TMAX,1897,2026
USC00040693,37.8744,-122.2606,TMAX,1893,2025
USC00040943,38.2119,-119.0142,TMAX,1895,2026
USC00041614,41.53,-120.1792,TMAX,1894,2026
USC00042239,32.9897,-116.5872,TMAX,1899,2026
USC00042294,38.535,-121.7761,TMAX,1893,2026
USC00042805,33.6861,-117.3458,TMAX,1897,2026
USC00043157,41.8714,-120.1575,TMAX,1870,2026
USC00043161,39.51,-123.7564,TMAX,1895,2026
USC00043191,38.515,-123.2447,TMAX,1897,2026
USC00043747,36.3158,-119.6369,TMAX,1899,2026
USC00043875,38.6294,-122.8664,TMAX,1897,2026
USC00044259,33.7086,-116.2153,TMAX,1894,2026
USC00044412,33.0764,-116.5925,TMAX,1893,2026
USC00044890,36.3817,-119.0264,TMAX,1899,2026
USC00045532,37.2889,-120.5158,TMAX,1899,2026
USC00046074,38.2778,-122.2647,TMAX,1893,2026
USC00046136,39.2467,-121.0008,TMAX,1893,2026
USC00046719,34.1483,-118.1447,TMAX,1893,2026
USC00046730,35.6278,-120.6856,TMAX,1894,2026
USC00046826,38.2578,-122.6078,TMAX,1893,2026
USC00047195,39.9367,-120.9475,TMAX,1895,2026
USC00047821,37.3594,-121.9244,TMAX,1893,2026
USC00047880,37.9983,-122.5372,TMAX,1894,2026
USC00047902,34.4167,-119.6844,TMAX,1893,2026
USC00048351,38.2994,-122.4622,TMAX,1893,2026
USC00048702,40.4167,-120.6631,TMAX,1895,2026
USC00048839,35.0233,-118.7497,TMAX,1898,2026
USC00049073,37.5019,-120.8456,TMAX,1894,2026
USC00049367,36.3283,-119.2997,TMAX,1898,2026
USC00049866,41.7025,-122.6417,TMAX,1893,2026
USC00050109,40.155,-103.1417,TMAX,1893,2026
USC00050848,39.9928,-105.2669,TMAX,1893,2026
USC00051294,38.46,-105.2256,TMAX,1893,2026
USC00051401,39.3864,-104.8636,TMAX,1893,2025
USC00051660,39.3672,-106.1897,TMAX,1895,2026
USC00051741,39.2403,-107.9575,TMAX,1900,2026
USC00052184,37.6911,-106.3078,TMAX,1893,2026
USC00052759,40.3853,-105.4944,TMAX,1896,2026
USC00053005,40.5764,-105.0858,TMAX,1893,2026
USC00053038,40.2569,-103.87,TMAX,1896,2025
USC00053146,39.1444,-108.7281,TMAX,1893,2025
USC00053261,39.7053,-105.6997,TMAX,1893,2026
USC00053662,38.5253,-106.9672,TMAX,1893,2026
USC00054076,38.0517,-102.1317,TMAX,1900,2026
USC00054082,40.5453,-102.3411,TMAX,1897,2026
USC00054413,40.9881,-102.2653,TMAX,1893,2025
USC00054770,38.0936,-102.6306,TMAX,1893,2026
USC00054834,38.0636,-103.2153,TMAX,1893,2026
USC00054945,40.5147,-102.9908,TMAX,1893,2026
USC00055116,40.1694,-105.0775,TMAX,1893,2026
USC00055322,37.1711,-105.94,TMAX,1893,2026
USC00055327,37.335,-108.3161,TMAX,1898,2026
USC00055484,40.0358,-107.9058,TMAX,1893,2026
USC00055706,37.5811,-106.1867,TMAX,1893,2026
USC00055722,38.4858,-107.8792,TMAX,1895,2026
USC00056832,40.0889,-108.7728,TMAX,1894,2026
USC00057167,38.0383,-103.6947,TMAX,1893,2026
USC00057337,38.0919,-106.1511,TMAX,1894,2026
USC00057460,38.4036,-106.4239,TMAX,1900,2026
USC00057936,40.4883,-106.8233,TMAX,1893,2026
USC00058064,39.2494,-106.3714,TMAX,1900,2026
USC00058204,37.9492,-107.8736,TMAX,1900,2026
USC00058429,37.1786,-104.4869,TMAX,1899,2026
USC00058756,40.7403,-106.2817,TMAX,1897,2026
USC00058931,38.1314,-105.4661,TMAX,1895,2026
USC00059295,40.1236,-102.7217,TMAX,1900,2024
USC00065445,41.9725,-73.2208,TMAX,1884,2026
USC00068138,41.795,-72.2286,TMAX,1888,2026
USC00072730,39.1467,-75.5056,TMAX,1893,2026
USC00076410,39.6683,-75.7456,TMAX,1894,2026
USC00080478,27.8864,-81.8325,TMAX,1892,2026
USC00082229,29.0097,-81.2986,TMAX,1892,2026
USC00082944,30.6669,-81.4525,TMAX,1892,2026
USC00084289,28.8028,-82.3128,TMAX,1899,2026
USC00084731,30.1853,-82.5942,TMAX,1892,2026
USC00085099,30.3075,-82.9936,TMAX,1898,2026
USC00086414,29.1639,-82.0778,TMAX,1893,2026
USC00087205,28.0208,-82.1392,TMAX,1892,2026
USC00087851,28.3381,-82.2603,TMAX,1895,2026
USC00088824,28.1522,-82.7539,TMAX,1892,2026
USC00091340,31.1681,-81.5022,TMAX,1895,2026
USC00091500,31.2058,-84.1722,TMAX,1893,2026
USC00091732,34.0589,-85.2339,TMAX,1896,2026
USC00091982,34.8878,-83.3967,TMAX,1893,2026
USC00092266,31.985,-83.7747,TMAX,1892,2026
USC00092966,32.2003,-83.2058,TMAX,1891,2026
USC00093060,34.1408,-82.855,TMAX,1891,2026
USC00093621,34.3006,-83.86,TMAX,1891,2026
USC00094170,32.2964,-83.4883,TMAX,1892,2026
USC00094941,34.8531,-85.3142,TMAX,1892,2025
USC00095204,33.7764,-82.4714,TMAX,1892,2026
USC00095314,33.0125,-82.3914,TMAX,1893,2026
USC00095988,33.3328,-83.6975,TMAX,1891,2026
USC00097600,34.2414,-85.1583,TMAX,1893,2026
USC00098535,32.6864,-84.5208,TMAX,1893,2026
USC00098740,34.5786,-83.3319,TMAX,1891,2026
USC00099194,33.0714,-82.0072,TMAX,1891,2026
USC00100470,44.0708,-111.4564,TMAX,1897,2026
USC00100915,43.1917,-112.3453,TMAX,1895,2026
USC00101956,47.6822,-116.7967,TMAX,1895,2026
USC00102667,42.4261,-112.1253,TMAX,1895,2026
USC00103771,45.9197,-116.1292,TMAX,1893,2026
USC00106152,46.7281,-116.9558,TMAX,1893,2026
USC00106542,42.2339,-113.8925,TMAX,1893,2026
USC00106586,44.1769,-116.2903,TMAX,1896,2026
USC00106891,44.0764,-116.9311,TMAX,1892,2026
USC00107386,48.3511,-116.8353,TMAX,1898,2025
USC00107706,45.3542,-116.395,TMAX,1896,2026
USC00108022,43.9522,-111.6786,TMAX,1895,2026
USC00108062,47.3164,-116.5789,TMAX,1897,2026
USC00110187,37.5222,-89.2486,TMAX,1895,2026
USC00110338,41.7803,-88.3092,TMAX,1893,2026
USC00111265,37.7308,-89.1658,TMAX,1898,2026
USC00111329,39.2975,-87.9747,TMAX,1893,2026
USC00111436,39.4761,-88.1653,TMAX,1896,2026
USC00112140,40.1392,-87.6478,TMAX,1895,2026
USC00112193,39.8289,-88.9506,TMAX,1893,2026
USC00112348,41.835,-89.5136,TMAX,1893,2026
USC00112483,37.9878,-89.1931,TMAX,1898,2026
USC00112736,42.0628,-88.2861,TMAX,1897,2026
USC00112931,38.3906,-88.3503,TMAX,1896,2026
USC00113320,40.9464,-90.3856,TMAX,1896,2026
USC00113335,41.1739,-90.035,TMAX,1893,2026
USC00113384,41.4511,-90.1486,TMAX,1895,2026
USC00113879,37.7408,-88.5244,TMAX,1898,2026
USC00114108,39.1611,-89.4919,TMAX,1895,2026
USC00114442,39.7347,-90.1978,TMAX,1895,2026
USC00114823,40.5836,-90.9803,TMAX,1895,2026
USC00115712,40.9125,-89.0339,TMAX,1896,2026
USC00115768,40.9442,-90.6381,TMAX,1893,2026
USC00115833,41.7944,-89.9681,TMAX,1895,2026
USC00115901,42.0972,-89.9831,TMAX,1897,2026
USC00115943,38.3619,-88.8597,TMAX,1895,2026
USC00116446,38.7006,-88.0819,TMAX,1896,2026
USC00116526,41.3281,-88.9097,TMAX,1892,2026
USC00116579,39.3686,-89.0867,TMAX,1897,2026
USC00116610,39.6186,-87.6672,TMAX,1893,2026
USC00117345,39.0061,-87.7769,TMAX,1895,2026
USC00117391,41.5181,-90.5647,TMAX,1872,2026
USC00118684,39.7947,-88.2911,TMAX,1893,2026
USC00118916,41.5519,-89.5989,TMAX,1893,2026
USC00119241,39.4408,-90.3789,TMAX,1893,2026
USC00120177,40.1167,-85.6814,TMAX,1895,2026
USC00120200,41.6639,-85.0183,TMAX,1898,2026
USC00120784,39.1739,-86.5208,TMAX,1895,2026
USC00120852,38.0303,-87.2736,TMAX,1897,2026
USC00121747,39.1661,-85.9228,TMAX,1893,2026
USC00122825,40.2539,-85.1483,TMAX,1893,2026
USC00124657,41.3053,-86.6286,TMAX,1897,2026
USC00124837,41.6117,-86.7297,TMAX,1897,2026
USC00125117,40.7478,-86.3878,TMAX,1893,2026
USC00125337,40.58,-85.6586,TMAX,1893,2026
USC00126001,37.9286,-87.8956,TMAX,1893,2026
USC00126580,38.8886,-86.5517,TMAX,1893,2026
USC00127125,38.3517,-87.5925,TMAX,1897,2026
USC00127522,39.7594,-87.2269,TMAX,1893,2026
USC00127935,38.9542,-85.9044,TMAX,1893,2024
USC00127999,39.5283,-85.7914,TMAX,1893,2026
USC00129240,41.2633,-85.8678,TMAX,1896,2026
USC00129253,38.6489,-87.1989,TMAX,1896,2026
USC00129670,41.0267,-86.5867,TMAX,1897,2026
USC00130133,43.0664,-94.2222,TMAX,1893,2025
USC00130364,41.4175,-95.0042,TMAX,1893,2026
USC00130385,41.7069,-94.9222,TMAX,1893,2026
USC00130600,41.8814,-92.2764,TMAX,1893,2026
USC00131233,42.065,-94.85,TMAX,1893,2026
USC00131319,42.0497,-91.5881,TMAX,1892,2026
USC00131354,40.7325,-92.89,TMAX,1893,2024
USC00131394,41.0164,-93.2792,TMAX,1895,2026
USC00131402,43.0603,-92.6717,TMAX,1893,2026
USC00131533,40.7242,-95.0192,TMAX,1893,2026
USC00131635,41.795,-90.2642,TMAX,1893,2026
USC00131731,41.2764,-91.3581,TMAX,1900,2026
USC00131833,40.9883,-94.7589,TMAX,1893,2026
USC00132110,43.3042,-91.7953,TMAX,1893,2026
USC00132171,42.0364,-95.3289,TMAX,1893,2025
USC00132603,42.7753,-91.4536,TMAX,1893,2026
USC00132689,43.1025,-94.6833,TMAX,1893,2026
USC00132724,43.4036,-94.7472,TMAX,1893,2026
USC00132789,41.0181,-91.9547,TMAX,1893,2026
USC00132864,42.8825,-91.8303,TMAX,1893,2026
USC00132977,43.2844,-93.6306,TMAX,1894,2026
USC00132999,42.5836,-94.2006,TMAX,1899,2026
USC00133007,40.6222,-91.3336,TMAX,1893,2026
USC00133438,41.2942,-94.4456,TMAX,1893,2026
USC00133473,41.7197,-92.7503,TMAX,1893,2026
USC00133487,42.3647,-92.7594,TMAX,1893,2026
USC00133509,41.6686,-94.4972,TMAX,1895,2026
USC00133584,42.7561,-93.2019,TMAX,1893,2026
USC00134101,41.6092,-91.505,TMAX,1893,2026
USC00134142,42.5189,-93.2536,TMAX,1893,2026
USC00134228,42.0103,-94.3953,TMAX,1893,2026
USC00134389,40.7467,-91.9575,TMAX,1893,2026
USC00134585,40.6233,-93.9342,TMAX,1897,2026
USC00134735,42.7908,-96.1508,TMAX,1896,2026
USC00134894,41.65,-95.8061,TMAX,1893,2026
USC00135131,42.0772,-90.6647,TMAX,1897,2024
USC00135198,42.0647,-92.9244,TMAX,1893,2026
USC00135230,43.1631,-93.1953,TMAX,1893,2026
USC00135769,40.7053,-94.2428,TMAX,1893,2026
USC00135796,40.96,-91.585,TMAX,1898,2026
USC00135952,43.0453,-92.3122,TMAX,1897,2026
USC00135992,41.7117,-93.0297,TMAX,1893,2024
USC00136103,43.4386,-93.2253,TMAX,1896,2026
USC00136305,43.2792,-92.8308,TMAX,1894,2026
USC00136316,41.0194,-93.7503,TMAX,1894,2025
USC00136327,41.3214,-92.6467,TMAX,1893,2025
USC00136566,41.8394,-94.1106,TMAX,1900,2026
USC00136800,43.0861,-95.6292,TMAX,1895,2026
USC00136940,41.0036,-95.2419,TMAX,1897,2026
USC00137147,43.4289,-96.1689,TMAX,1893,2026
USC00137161,42.3969,-94.6292,TMAX,1894,2026
USC00137312,42.4194,-94.9761,TMAX,1893,2026
USC00137664,43.4022,-95.7497,TMAX,1893,2026
USC00137678,41.3372,-92.2278,TMAX,1896,2026
USC00137700,43.0558,-96.1525,TMAX,1899,2026
USC00137844,43.1653,-95.1469,TMAX,1895,2026
USC00137859,43.4228,-95.1389,TMAX,1893,2026
USC00137979,42.6469,-95.1933,TMAX,1893,2026
USC00138296,42.0356,-92.5806,TMAX,1894,2026
USC00138688,41.2825,-91.7078,TMAX,1893,2026
USC00138806,42.4686,-93.7975,TMAX,1893,2026
USC00139067,41.665,-91.9978,TMAX,1893,2026
USC00139132,41.4025,-94.0147,TMAX,1893,2026
USC00140010,38.9267,-97.2128,TMAX,1893,2026
USC00140365,37.1942,-99.7633,TMAX,1900,2026
USC00140693,39.4575,-98.1125,TMAX,1893,2026
USC00141179,39.7997,-98.3011,TMAX,1900,2026
USC00141704,37.2694,-99.3214,TMAX,1893,2026
USC00141740,37.1681,-94.83,TMAX,1892,2026
USC00142401,37.8183,-96.8444,TMAX,1893,2026
USC00142432,37.0058,-101.8867,TMAX,1900,2026
USC00142602,38.8592,-96.1058,TMAX,1897,2026
USC00142827,39.0572,-96.765,TMAX,1893,2025
USC00142835,37.8172,-94.6986,TMAX,1896,2026
USC00143239,37.6025,-99.3022,TMAX,1893,2026
USC00143527,38.8586,-99.3358,TMAX,1892,2026
USC00143810,39.6678,-95.52,TMAX,1891,2026
USC00143954,37.2364,-95.7003,TMAX,1893,2026
USC00144341,37.0175,-98.49,TMAX,1893,2026
USC00144464,37.9411,-101.2492,TMAX,1893,2026
USC00144559,38.9569,-95.2483,TMAX,1868,2026
USC00144695,37.0308,-100.9069,TMAX,1893,2026
USC00144972,39.1972,-96.5814,TMAX,1893,2026
USC00145152,38.3772,-97.6097,TMAX,1893,2026
USC00145363,39.1247,-97.7047,TMAX,1892,2026
USC00145744,38.0231,-97.3553,TMAX,1897,2024
USC00145856,39.7408,-99.8361,TMAX,1893,2026
USC00146076,38.6361,-95.8031,TMAX,1896,2026
USC00146128,38.6133,-95.2808,TMAX,1895,2026
USC00146549,37.6731,-98.7761,TMAX,1895,2024
USC00146637,39.0667,-100.2389,TMAX,1894,2026
USC00146808,37.2644,-101.7883,TMAX,1893,2026
USC00147271,38.4747,-100.9175,TMAX,1895,2026
USC00147305,37.1322,-96.18,TMAX,1893,2026
USC00147397,38.8961,-101.7514,TMAX,1893,2026
USC00147796,38.2139,-98.2072,TMAX,1893,2026
USC00148038,37.9928,-101.7417,TMAX,1893,2026
USC00148235,38.4661,-101.7731,TMAX,1893,2026
USC00148287,37.5983,-101.2908,TMAX,1893,2026
USC00148495,39.0147,-99.8722,TMAX,1893,2026
USC00148563,39.2142,-96.37,TMAX,1900,2026
USC00148578,39.8089,-97.055,TMAX,1893,2026
USC00148670,37.2678,-97.4194,TMAX,1894,2026
USC00148964,37.2886,-96.9408,TMAX,1894,2024
USC00149080,37.8833,-95.7278,TMAX,1893,2026
USC00150254,38.4536,-82.6131,TMAX,1897,2026
USC00153994,36.8489,-87.5208,TMAX,1896,2026
USC00155243,38.6869,-83.7872,TMAX,1896,2026
USC00155640,38.0583,-83.9333,TMAX,1892,2026
USC00156091,37.7797,-87.0686,TMAX,1896,2024
USC00157049,36.855,-86.8883,TMAX,1893,2026
USC00160098,31.3206,-92.4611,TMAX,1892,2026
USC00162151,30.5269,-90.2147,TMAX,1893,2026
USC00162534,30.0719,-91.0278,TMAX,1893,2026
USC00163313,29.8233,-91.5442,TMAX,1893,2024
USC00163800,30.4183,-92.0442,TMAX,1893,2024
USC00164034,30.4878,-90.4875,TMAX,1893,2024
USC00164355,32.81,-93.0625,TMAX,1893,2026
USC00164674,29.9594,-91.7111,TMAX,1892,2026
USC00164700,30.2003,-92.6642,TMAX,1897,2026
USC00166657,30.0292,-91.8844,TMAX,1891,2026
USC00168163,31.9497,-91.2336,TMAX,1894,2026
USC00169806,32.0997,-91.7022,TMAX,1893,2026
USC00172765,44.6986,-70.1619,TMAX,1893,2026
USC00172878,47.2386,-68.6119,TMAX,1893,2026
USC00173046,44.2203,-69.7889,TMAX,1886,2025
USC00174086,45.6261,-70.2461,TMAX,1897,2026
USC00174927,44.7975,-69.8889,TMAX,1894,2026
USC00181790,39.6403,-77.6978,TMAX,1899,2026
USC00186620,39.4131,-79.4003,TMAX,1893,2026
USC00188405,38.32,-76.4528,TMAX,1893,2026
USC00190120,42.3861,-72.5375,TMAX,1893,2026
USC00190736,42.2122,-71.1136,TMAX,1885,2026
USC00190860,42.0475,-71.0081,TMAX,1894,2026
USC00193505,42.7594,-71.0603,TMAX,1899,2026
USC00193821,41.665,-70.3039,TMAX,1893,2026
USC00194105,42.6992,-71.1658,TMAX,1893,2026
USC00194313,42.6408,-71.3636,TMAX,1885,2026
USC00194711,41.8819,-70.9086,TMAX,1893,2026
USC00196938,41.785,-70.9175,TMAX,1900,2026
USC00200032,41.9164,-84.0164,TMAX,1887,2026
USC00200146,43.3869,-84.6481,TMAX,1887,2026
USC00200230,42.2981,-83.6639,TMAX,1891,2026
USC00200710,42.1244,-86.4267,TMAX,1893,2026
USC00200718,46.5869,-89.5475,TMAX,1888,2026
USC00200779,43.7072,-85.4819,TMAX,1896,2026
USC00201468,45.3172,-85.2672,TMAX,1891,2026
USC00201492,45.6522,-84.4725,TMAX,1891,2026
USC00201675,41.9622,-84.9925,TMAX,1897,2026
USC00202094,45.9983,-83.9014,TMAX,1900,2026
USC00202423,44.2839,-83.5036,TMAX,1890,2026
USC00202984,44.6483,-86.2097,TMAX,1898,2026
USC00203391,44.6453,-84.6992,TMAX,1891,2026
USC00203585,43.8322,-82.6428,TMAX,1899,2026
USC00203632,43.675,-86.4228,TMAX,1893,2026
USC00203661,42.6419,-85.2881,TMAX,1893,2026
USC00203823,41.9353,-84.6411,TMAX,1891,2026
USC00204090,45.7858,-88.0842,TMAX,1899,2026
USC00204502,44.3089,-85.205,TMAX,1896,2026
USC00205065,44.2114,-86.2939,TMAX,1888,2026
USC00205073,45.9511,-86.2514,TMAX,1896,2026
USC00205567,43.4611,-86.4178,TMAX,1893,2026
USC00205662,43.5858,-84.7694,TMAX,1895,2026
USC00205816,46.3517,-85.5164,TMAX,1896,2026
USC00206300,43.0161,-84.18,TMAX,1896,2026
USC00206507,45.3725,-84.9767,TMAX,1891,2026
USC00206658,42.6389,-83.2556,TMAX,1894,2026
USC00207820,44.0125,-83.8978,TMAX,1895,2026
USC00208184,41.93,-85.6386,TMAX,1895,2026
USC00208800,44.2542,-84.2011,TMAX,1900,2026
USC00210018,47.2992,-96.5161,TMAX,1893,2026
USC00210075,43.6064,-93.3019,TMAX,1893,2026
USC00211198,43.6308,-91.5028,TMAX,1893,2026
USC00211227,45.5564,-93.2347,TMAX,1893,2026
USC00211691,45.5794,-94.3919,TMAX,1893,2026
USC00211891,47.8186,-96.6139,TMAX,1890,2026
USC00212142,46.8372,-95.8375,TMAX,1895,2026
USC00213290,43.7047,-92.5644,TMAX,1893,2026
USC00213296,47.9711,-89.6908,TMAX,1895,2026
USC00213311,44.8133,-95.5517,TMAX,1893,2025
USC00213455,48.7714,-96.9406,TMAX,1899,2025
USC00213567,44.7597,-92.8689,TMAX,1893,2026
USC00214652,47.2467,-94.2228,TMAX,1897,2026
USC00214861,45.9647,-94.8892,TMAX,1893,2026
USC00215392,45.7533,-93.6617,TMAX,1897,2026
USC00215400,45.1219,-95.9269,TMAX,1893,2026
USC00215638,45.59,-95.8744,TMAX,1886,2026
USC00216547,46.6694,-94.1089,TMAX,1897,2026
USC00216565,44.0139,-96.3253,TMAX,1877,2026
USC00216612,47.2508,-93.5861,TMAX,1895,2026
USC00216795,47.8761,-95.0167,TMAX,1893,2026
USC00217405,44.3222,-93.9656,TMAX,1893,2026
USC00217460,46.7953,-93.3211,TMAX,1897,2026
USC00218311,47.7817,-92.2783,TMAX,1895,2026
USC00218419,47.0258,-91.6653,TMAX,1894,2026
USC00219046,43.7639,-94.1661,TMAX,1898,2026
USC00219059,47.4306,-94.0503,TMAX,1897,2024
USC00219249,44.2997,-92.6656,TMAX,1895,2026
USC00220021,33.83,-88.5206,TMAX,1892,2026
USC00220488,34.3161,-89.9558,TMAX,1891,2026
USC00220792,30.3931,-89.0008,TMAX,1893,2026
USC00221094,31.5447,-90.4581,TMAX,1893,2025
USC00221389,32.6714,-90.0361,TMAX,1892,2026
USC00221707,34.1864,-90.5572,TMAX,1892,2026
USC00221962,34.9158,-88.6011,TMAX,1895,2026
USC00222094,31.9461,-90.3775,TMAX,1892,2025
USC00223887,31.2547,-89.3392,TMAX,1893,2025
USC00223975,34.8042,-90.0103,TMAX,1893,2026
USC00224939,31.6756,-89.1236,TMAX,1891,2026
USC00226177,31.5889,-91.3408,TMAX,1892,2026
USC00227128,30.8408,-89.5453,TMAX,1896,2026
USC00227132,31.985,-90.9719,TMAX,1893,2026
USC00228374,33.4692,-88.7822,TMAX,1891,2026
USC00229079,34.3725,-89.5308,TMAX,1893,2026
USC00229400,34.1647,-89.635,TMAX,1900,2026
USC00229439,31.6772,-88.6708,TMAX,1892,2026
USC00230204,38.1894,-94.0244,TMAX,1893,2026
USC00230608,40.2569,-94.0281,TMAX,1893,2024
USC00231340,39.3594,-93.4886,TMAX,1893,2026
USC00231364,36.1875,-89.66,TMAX,1898,2026
USC00231822,40.2394,-94.6833,TMAX,1893,2026
USC00232503,38.3486,-92.5811,TMAX,1896,2026
USC00234019,37.3417,-91.9178,TMAX,1893,2026
USC00234226,37.3781,-89.6678,TMAX,1893,2024
USC00234271,38.5847,-92.1831,TMAX,1893,2026
USC00234544,40.2058,-92.5747,TMAX,1893,2026
USC00234705,37.5983,-94.2842,TMAX,1893,2026
USC00234825,37.685,-92.6939,TMAX,1893,2025
USC00235340,40.3458,-94.8342,TMAX,1895,2026
USC00235976,36.865,-94.3603,TMAX,1893,2026
USC00235987,37.8394,-94.3739,TMAX,1898,2026
USC00236791,36.7578,-90.4056,TMAX,1893,2024
USC00236826,37.8956,-90.8414,TMAX,1893,2026
USC00236866,40.3986,-93.5839,TMAX,1893,2026
USC00237263,37.9567,-91.7761,TMAX,1897,2026
USC00237397,38.8142,-90.5139,TMAX,1893,2026
USC00237632,38.6753,-93.2228,TMAX,1893,2026
USC00238051,39.9703,-91.8875,TMAX,1897,2026
USC00238444,40.0825,-93.6086,TMAX,1895,2026
USC00238712,38.7872,-93.7994,TMAX,1893,2026
USC00240056,47.0092,-111.6742,TMAX,1898,2026
USC00240364,47.4925,-112.3969,TMAX,1896,2026
USC00240780,45.8325,-109.9511,TMAX,1894,2026
USC00240802,45.7717,-108.4811,TMAX,1894,2026
USC00241008,46.2311,-112.1139,TMAX,1880,2026
USC00241044,45.6622,-111.0464,TMAX,1892,2026
USC00241102,45.3261,-108.9092,TMAX,1900,2026
USC00241692,48.5092,-110.9694,TMAX,1900,2026
USC00241722,48.5883,-109.2267,TMAX,1895,2026
USC00241737,47.8206,-112.1922,TMAX,1893,2026
USC00242122,48.1475,-104.5175,TMAX,1900,2026
USC00242409,45.2089,-112.6389,TMAX,1895,2026
USC00242689,45.8864,-104.5478,TMAX,1896,2026
USC00243113,47.8303,-110.6611,TMAX,1894,2026
USC00243557,48.1925,-106.6383,TMAX,1893,2025
USC00243581,47.1058,-104.7175,TMAX,1893,2026
USC00243749,47.4883,-111.2792,TMAX,1892,2026
USC00243885,46.2461,-114.1681,TMAX,1895,2024
USC00244558,48.3042,-114.2642,TMAX,1896,2026
USC00245030,44.6331,-112.5928,TMAX,1898,2026
USC00245740,46.9244,-114.0911,TMAX,1893,2026
USC00246918,45.1769,-109.2572,TMAX,1894,2026
USC00247286,47.315,-114.0983,TMAX,1896,2026
USC00248597,45.2925,-111.9444,TMAX,1893,2026
USC00250030,42.4244,-103.7347,TMAX,1900,2026
USC00250070,41.6853,-98.0083,TMAX,1893,2026
USC00250435,40.3706,-95.7469,TMAX,1899,2026
USC00250640,40.1306,-99.8278,TMAX,1893,2026
USC00251200,41.4083,-99.675,TMAX,1894,2026
USC00251415,40.2844,-100.1419,TMAX,1898,2026
USC00251560,41.1269,-98.0222,TMAX,1878,2026
USC00251575,42.8083,-103.0533,TMAX,1894,2026
USC00251825,41.4639,-97.3278,TMAX,1893,2026
USC00252020,40.6092,-96.8719,TMAX,1893,2026
USC00252065,40.2317,-100.8303,TMAX,1889,2026
USC00252100,40.6344,-100.5219,TMAX,1893,2026
USC00252820,40.0475,-97.1889,TMAX,1895,2026
USC00253050,41.43,-96.4669,TMAX,1893,2026
USC00253185,41.4514,-97.7644,TMAX,1893,2026
USC00253365,40.9394,-100.1514,TMAX,1894,2026
USC00253595,40.0892,-99.2133,TMAX,1894,2026
USC00253735,40.175,-97.5903,TMAX,1893,2026
USC00253910,40.4517,-99.3803,TMAX,1897,2026
USC00254110,40.5092,-101.6514,TMAX,1894,2026
USC00255040,42.83,-98.4711,TMAX,1899,2024
USC00255310,40.2289,-100.61,TMAX,1896,2026
USC00255565,40.5156,-98.9514,TMAX,1893,2026
USC00256040,41.4958,-98.7742,TMAX,1895,2026
USC00256135,42.0669,-97.9653,TMAX,1893,2026
USC00256200,41.1275,-101.7206,TMAX,1893,2026
USC00256290,42.4594,-98.6564,TMAX,1896,2026
USC00256335,41.6233,-98.9489,TMAX,1895,2026
USC00257040,41.0319,-98.9214,TMAX,1893,2026
USC00257715,40.9169,-97.0897,TMAX,1900,2026
USC00258090,42.8389,-99.7781,TMAX,1893,2026
USC00258395,40.6661,-96.1892,TMAX,1893,2026
USC00258465,40.3544,-96.1939,TMAX,1893,2025
USC00258915,42.3017,-96.9003,TMAX,1897,2026
USC00259200,41.845,-96.7142,TMAX,1892,2026
USC00260507,39.4931,-117.0675,TMAX,1887,2026
USC00261485,39.1253,-119.7678,TMAX,1893,2025
USC00262708,39.5169,-115.9622,TMAX,1888,2026
USC00264935,41.9933,-117.7167,TMAX,1892,2026
USC00264950,39.4142,-114.7739,TMAX,1892,2026
USC00265168,38.3878,-118.1092,TMAX,1896,2026
USC00267908,38.4231,-115.0225,TMAX,1891,2026
USC00268761,39.3128,-119.6483,TMAX,1887,2026
USC00268988,41.1169,-114.9786,TMAX,1895,2024
USC00269229,38.9992,-119.1575,TMAX,1894,2026
USC00270690,44.4536,-71.1856,TMAX,1886,2026
USC00272174,43.1419,-70.95,TMAX,1893,2026
USC00273850,43.7053,-72.2856,TMAX,1893,2026
USC00274399,42.9389,-72.3247,TMAX,1893,2026
USC00275712,42.7914,-71.4736,TMAX,1885,2026
USC00280907,40.8917,-74.3964,TMAX,1892,2026
USC00281351,38.9533,-74.9361,TMAX,1877,2025
USC00281582,41.03,-74.4247,TMAX,1893,2026
USC00283029,40.5742,-74.8817,TMAX,1898,2026
USC00283181,40.3136,-74.2511,TMAX,1881,2026
USC00283951,40.2664,-74.5642,TMAX,1891,2026
USC00285728,39.9683,-74.865,TMAX,1891,2026
USC00287850,39.5697,-75.4617,TMAX,1888,2026
USC00290692,36.835,-108.0006,TMAX,1895,2026
USC00291138,33.8044,-106.8908,TMAX,1894,2026
USC00291664,36.9178,-106.5781,TMAX,1893,2026
USC00292865,32.9161,-105.3381,TMAX,1895,2026
USC00293265,32.79,-108.2269,TMAX,1897,2026
USC00294009,32.9203,-107.5656,TMAX,1893,2026
USC00295960,32.9542,-105.8231,TMAX,1894,2026
USC00298387,34.0606,-106.8842,TMAX,1893,2026
USC00300085,42.2797,-77.7664,TMAX,1893,2026
USC00300183,42.3108,-78.0231,TMAX,1893,2026
USC00300321,42.9328,-76.5447,TMAX,1897,2026
USC00300343,42.9203,-77.7558,TMAX,1895,2026
USC00300937,43.2161,-77.9528,TMAX,1893,2026
USC00301752,42.7167,-74.9267,TMAX,1893,2026
USC00302610,42.0997,-76.8358,TMAX,1894,2026
USC00303025,42.3294,-78.4639,TMAX,1896,2026
USC00303773,42.7747,-77.6083,TMAX,1898,2026
USC00304102,43.7547,-74.2756,TMAX,1899,2026
USC00304174,42.4492,-76.4492,TMAX,1893,2026
USC00304555,44.3042,-73.9839,TMAX,1897,2026
USC00304731,41.8017,-74.74,TMAX,1898,2026
USC00304844,43.1522,-78.6533,TMAX,1893,2026
USC00304912,43.7928,-75.4828,TMAX,1892,2026
USC00305426,41.7719,-74.1536,TMAX,1896,2026
USC00305597,42.7314,-77.9053,TMAX,1893,2026
USC00305816,40.7106,-74.0142,TMAX,1871,2024
USC00306774,41.3892,-74.6906,TMAX,1890,2026
USC00308631,44.2308,-74.4383,TMAX,1899,2026
USC00308839,43.0031,-77.4483,TMAX,1893,2026
USC00309000,43.9761,-75.8753,TMAX,1893,2026
USC00309047,42.0019,-76.525,TMAX,1893,2026
USC00309292,41.3906,-73.9608,TMAX,1890,2025
USC00311677,35.9086,-79.0797,TMAX,1891,2026
USC00311975,35.4136,-80.5639,TMAX,1891,2026
USC00312635,36.0164,-76.5517,TMAX,1896,2026
USC00313017,35.0592,-78.8589,TMAX,1899,2026
USC00313228,35.1803,-83.3931,TMAX,1882,2026
USC00313356,35.2672,-81.1436,TMAX,1890,2026
USC00313638,35.64,-77.3983,TMAX,1897,2026
USC00313969,36.3489,-78.4119,TMAX,1893,2026
USC00313976,35.3297,-82.4492,TMAX,1898,2026
USC00314055,35.0564,-83.1983,TMAX,1893,2026
USC00314496,36.4175,-81.4297,TMAX,1896,2026
USC00314938,35.9147,-81.5375,TMAX,1893,2026
USC00315123,36.1025,-78.3042,TMAX,1893,2026
USC00315340,35.6847,-82.0083,TMAX,1893,2026
USC00315356,35.8033,-82.6658,TMAX,1898,2026
USC00315743,35.8422,-80.4978,TMAX,1893,2026
USC00315771,34.9797,-80.5233,TMAX,1896,2026
USC00315838,35.7297,-81.6728,TMAX,1893,2026
USC00315890,36.4961,-80.6522,TMAX,1893,2026
USC00316001,35.0714,-83.9683,TMAX,1873,2026
USC00317079,35.7908,-78.6989,TMAX,1892,2026
USC00317516,36.3464,-78.8858,TMAX,1893,2026
USC00317615,35.6836,-80.4822,TMAX,1893,2026
USC00317845,35.3111,-81.5708,TMAX,1893,2026
USC00317994,35.5175,-78.3444,TMAX,1892,2026
USC00318500,35.8842,-77.5386,TMAX,1887,2026
USC00319100,35.5525,-77.0722,TMAX,1893,2026
USC00319147,35.4867,-82.9681,TMAX,1894,2026
USC00320382,46.0406,-99.3742,TMAX,1893,2026
USC00320941,48.8217,-100.4528,TMAX,1893,2026
USC00323117,46.0333,-97.595,TMAX,1893,2026
USC00323217,48.4583,-101.5697,TMAX,1897,2026
USC00323287,46.1583,-98.3989,TMAX,1898,2024
USC00323621,47.9217,-97.0975,TMAX,1893,2026
USC00324418,46.8844,-98.685,TMAX,1881,2026
USC00324958,48.7622,-98.3447,TMAX,1897,2026
USC00325660,47.4989,-97.3514,TMAX,1893,2026
USC00326255,46.5111,-99.7725,TMAX,1893,2026
USC00326315,46.5406,-102.8692,TMAX,1894,2026
USC00326365,46.8925,-101.4897,TMAX,1893,2026
USC00328792,48.3706,-100.3908,TMAX,1896,2026
USC00329445,48.6061,-100.2911,TMAX,1893,2026
USC00330563,40.3536,-83.7753,TMAX,1894,2026
USC00330862,41.3831,-83.6111,TMAX,1893,2026
USC00331072,40.8125,-82.9697,TMAX,1893,2026
USC00331592,39.6103,-82.9556,TMAX,1894,2026
USC00332098,41.2783,-84.3847,TMAX,1893,2026
USC00332791,41.0461,-83.6622,TMAX,1893,2026
USC00333375,40.1033,-84.6503,TMAX,1893,2026
USC00333758,39.2333,-83.6092,TMAX,1893,2026
USC00333780,41.3072,-81.1475,TMAX,1893,2026
USC00335438,41.5892,-84.5858,TMAX,1893,2026
USC00336118,41.2633,-82.6147,TMAX,1894,2026
USC00336781,38.7569,-82.8872,TMAX,1893,2026
USC00338552,40.0992,-83.7822,TMAX,1895,2026
USC00338609,40.8494,-84.5808,TMAX,1893,2026
USC00338769,41.2019,-80.8106,TMAX,1893,2026
USC00338822,41.5183,-84.1453,TMAX,1893,2026
USC00338830,39.1114,-82.9797,TMAX,1893,2026
USC00342912,36.4194,-97.8747,TMAX,1894,2026
USC00344001,34.2333,-97.4203,TMAX,1894,2026
USC00346386,35.1808,-97.4378,TMAX,1894,2026
USC00350265,45.7211,-120.2064,TMAX,1893,2026
USC00350304,42.2131,-122.7147,TMAX,1892,2026
USC00351407,45.6778,-121.8739,TMAX,1894,2026
USC00351862,44.6342,-123.19,TMAX,1893,2025
USC00352800,44.8358,-123.4525,TMAX,1897,2026
USC00352997,45.5247,-123.1025,TMAX,1893,2026
USC00353445,42.4239,-123.3219,TMAX,1893,2026
USC00353770,45.4486,-122.1547,TMAX,1899,2026
USC00353827,45.3653,-119.5639,TMAX,1893,2026
USC00354003,45.6847,-121.5175,TMAX,1893,2025
USC00355734,45.4825,-120.7236,TMAX,1898,2025
USC00356883,44.3006,-120.8406,TMAX,1897,2024
USC00357169,42.9508,-123.3572,TMAX,1899,2026
USC00358407,45.6069,-121.2047,TMAX,1893,2025
USC00361354,39.9283,-77.6372,TMAX,1894,2025
USC00361920,40.2258,-77.1894,TMAX,1873,2026
USC00363028,41.4003,-79.8306,TMAX,1897,2026
USC00364432,41.6769,-78.8036,TMAX,1894,2025
USC00366927,40.1208,-75.4878,TMAX,1893,2026
USC00367409,41.33,-77.7381,TMAX,1896,2026
USC00367931,40.7831,-76.8617,TMAX,1894,2026
USC00368449,40.7933,-77.8672,TMAX,1882,2026
USC00369298,41.8467,-79.1494,TMAX,1896,2026
USC00374266,41.4903,-71.5431,TMAX,1893,2026
USC00380506,33.9,-81.5389,TMAX,1894,2026
USC00381588,34.7028,-79.8822,TMAX,1893,2026
USC00381770,34.6603,-82.8233,TMAX,1896,2026
USC00382260,34.3011,-79.8767,TMAX,1893,2026
USC00383742,34.8486,-82.35,TMAX,1884,2026
USC00385200,34.1994,-81.4144,TMAX,1894,2026
USC00385509,34.1653,-79.3875,TMAX,1893,2025
USC00386209,34.2917,-81.6208,TMAX,1893,2026
USC00387722,34.635,-81.5206,TMAX,1895,2026
USC00388426,33.0367,-80.2325,TMAX,1898,2026
USC00388887,34.7544,-83.075,TMAX,1896,2026
USC00389327,34.3706,-81.0825,TMAX,1896,2026
USC00389350,34.9378,-81.0375,TMAX,1899,2026
USC00389469,32.7019,-80.8517,TMAX,1899,2026
USC00390043,43.4839,-99.0478,TMAX,1898,2026
USC00390128,43.6514,-97.7981,TMAX,1893,2026
USC00391049,45.7886,-97.7489,TMAX,1893,2026
USC00391076,44.325,-96.7686,TMAX,1893,2026
USC00391294,45.5481,-103.9756,TMAX,1893,2026
USC00391392,43.3111,-96.5878,TMAX,1896,2026
USC00392302,44.3825,-97.5494,TMAX,1893,2026
USC00392797,45.7656,-99.6222,TMAX,1877,2026
USC00392927,45.0325,-99.1225,TMAX,1893,2026
USC00392984,44.0475,-96.6025,TMAX,1893,2026
USC00393029,44.0683,-98.0833,TMAX,1893,2026
USC00393832,44.5139,-99.4422,TMAX,1893,2026
USC00394007,43.4378,-103.4739,TMAX,1894,2026
USC00394037,44.0031,-97.5286,TMAX,1893,2026
USC00394206,45.4472,-99.0386,TMAX,1897,2025
USC00394516,43.9025,-99.8581,TMAX,1893,2026
USC00395481,43.2358,-97.5714,TMAX,1896,2026
USC00395506,44.0706,-101.1522,TMAX,1895,2026
USC00396212,43.1878,-103.2372,TMAX,1893,2026
USC00397742,45.6656,-97.0394,TMAX,1900,2026
USC00397882,44.4975,-103.8717,TMAX,1893,2026
USC00398472,42.9917,-97.8703,TMAX,1893,2026
USC00398622,42.7625,-96.9194,TMAX,1893,2026
USC00399004,45.3328,-97.5225,TMAX,1893,2026
USC00399070,44.0756,-98.5706,TMAX,1893,2026
USC00400876,35.265,-88.9889,TMAX,1894,2026
USC00401145,35.5908,-89.2597,TMAX,1895,2026
USC00401480,36.2456,-85.945,TMAX,1890,2026
USC00401790,36.5467,-87.355,TMAX,1890,2026
USC00402009,36.1075,-85.5033,TMAX,1896,2026
USC00402489,36.0747,-87.3931,TMAX,1900,2026
USC00402589,36.4881,-87.8486,TMAX,1897,2026
USC00402806,36.3539,-82.2486,TMAX,1895,2026
USC00403280,35.9414,-86.8689,TMAX,1893,2026
USC00403679,36.1056,-82.8436,TMAX,1890,2026
USC00404223,35.5567,-87.5414,TMAX,1895,2025
USC00404561,35.6214,-88.8456,TMAX,1895,2026
USC00405187,35.4139,-86.8086,TMAX,1890,2026
USC00405882,35.6722,-85.7811,TMAX,1894,2026
USC00406012,35.9331,-88.7272,TMAX,1883,2026
USC00406371,35.9203,-86.3728,TMAX,1890,2026
USC00406534,35.9833,-83.2008,TMAX,1893,2026
USC00407884,36.4161,-82.9839,TMAX,1896,2026
USC00408108,35.1525,-88.3217,TMAX,1895,2026
USC00408184,35.2028,-85.9172,TMAX,1895,2026
USC00408886,35.3264,-84.2294,TMAX,1896,2026
USC00409155,35.3453,-86.2092,TMAX,1895,2026
USC00409219,36.3925,-89.0317,TMAX,1895,2026
USC00409502,35.3042,-87.7592,TMAX,1893,2026
USC00410268,32.7667,-99.89,TMAX,1898,2026
USC00410436,28.3889,-96.8389,TMAX,1897,2026
USC00410493,31.7414,-99.9764,TMAX,1897,2026
USC00410639,28.4575,-97.7061,TMAX,1897,2026
USC00410902,29.7986,-98.7353,TMAX,1898,2026
USC00410984,33.5511,-97.8472,TMAX,1897,2026
USC00411017,31.1444,-99.3492,TMAX,1893,2025
USC00411042,32.75,-98.9017,TMAX,1898,2024
USC00411048,30.1592,-96.3972,TMAX,1897,2026
USC00411138,31.7228,-99.0142,TMAX,1893,2026
USC00411250,30.7586,-98.2339,TMAX,1896,2026
USC00411875,31.8281,-99.4178,TMAX,1897,2026
USC00411956,30.3303,-95.4831,TMAX,1897,2026
USC00412019,32.1225,-96.4867,TMAX,1893,2026
USC00412121,33.6608,-101.2778,TMAX,1893,2026
USC00412266,29.0661,-96.2583,TMAX,1896,2026
USC00413257,30.8272,-100.1103,TMAX,1877,2026
USC00413329,30.2392,-98.9089,TMAX,1896,2026
USC00413734,33.1678,-96.0983,TMAX,1900,2024
USC00413873,29.4706,-96.9397,TMAX,1893,2026
USC00413992,33.1644,-99.7389,TMAX,1893,2026
USC00414670,30.4453,-99.8045,TMAX,1897,2026
USC00415429,29.6756,-97.6578,TMAX,1897,2026
USC00415618,32.4892,-94.3289,TMAX,1893,2026
USC00416794,33.6744,-95.5586,TMAX,1896,2026
USC00417622,26.3769,-98.8117,TMAX,1897,2026
USC00417706,30.0239,-100.2119,TMAX,1894,2025
USC00417983,29.8833,-97.9494,TMAX,1895,2026
USC00418274,33.7033,-96.6419,TMAX,1897,2026
USC00418728,29.6197,-95.6575,TMAX,1893,2026
USC00418743,33.1481,-95.6269,TMAX,1893,2026
USC00420730,38.7075,-112.9539,TMAX,1900,2026
USC00421214,39.2078,-111.0128,TMAX,1899,2026
USC00422101,39.2875,-112.6514,TMAX,1893,2026
USC00422798,39.0883,-111.1486,TMAX,1897,2026
USC00422828,38.9603,-112.3239,TMAX,1893,2026
USC00422996,40.2842,-109.8611,TMAX,1887,2025
USC00424856,41.8253,-111.3206,TMAX,1900,2026
USC00425065,39.5608,-111.8653,TMAX,1895,2026
USC00425148,38.4061,-111.6422,TMAX,1893,2026
USC00425186,41.7456,-111.8033,TMAX,1893,2026
USC00425402,39.2583,-111.6308,TMAX,1893,2026
USC00425733,38.5744,-109.5458,TMAX,1893,2024
USC00426686,37.8831,-112.7711,TMAX,1893,2026
USC00427165,41.6608,-111.1869,TMAX,1893,2026
USC00427260,38.7617,-112.0778,TMAX,1893,2026
USC00427516,37.1189,-113.6067,TMAX,1893,2026
USC00427714,39.2453,-112.1067,TMAX,1895,2026
USC00428771,40.5353,-112.3217,TMAX,1896,2026
USC00429111,40.44,-109.5356,TMAX,1894,2026
USC00429595,41.5147,-111.1594,TMAX,1897,2026
USC00431580,43.9572,-73.2106,TMAX,1894,2026
USC00437054,44.42,-72.0194,TMAX,1894,2026
USC00439984,43.6303,-72.5072,TMAX,1892,2026
USC00440327,37.7553,-77.485,TMAX,1893,2026
USC00441209,37.0908,-81.3364,TMAX,1896,2026
USC00441593,38.0328,-78.5225,TMAX,1893,2026
USC00442208,38.4547,-78.9353,TMAX,1893,2026
USC00442790,36.6983,-77.5597,TMAX,1893,2026
USC00444128,37.9994,-79.8322,TMAX,1893,2026
USC00444876,37.7767,-79.4386,TMAX,1889,2024
USC00444909,39.1422,-77.7094,TMAX,1900,2026
USC00447338,36.9769,-79.8961,TMAX,1894,2026
USC00447506,36.8894,-81.7711,TMAX,1894,2026
USC00448062,38.1814,-79.0903,TMAX,1893,2026
USC00448894,37.9881,-76.7769,TMAX,1893,2026
USC00449263,38.9031,-78.4792,TMAX,1896,2026
USC00449301,36.9364,-81.062,TMAX,1893,2026
USC00450872,47.5689,-122.6828,TMAX,1899,2026
USC00451350,47.8342,-120.0003,TMAX,1890,2026
USC00451504,47.1889,-120.9131,TMAX,1899,2026
USC00451630,48.5678,-117.9356,TMAX,1899,2026
USC00452007,47.6636,-118.1614,TMAX,1893,2026
USC00452030,46.3153,-118.0022,TMAX,1893,2026
USC00452505,46.9692,-120.54,TMAX,1893,2026
USC00452531,47.0092,-123.4008,TMAX,1896,2026
USC00452675,47.9753,-122.195,TMAX,1894,2026
USC00454154,46.2111,-119.1011,TMAX,1894,2026
USC00455946,48.8994,-117.8289,TMAX,1899,2026
USC00457180,47.2344,-117.3636,TMAX,1893,2026
USC00457507,48.4961,-122.235,TMAX,1896,2026
USC00458773,45.6775,-122.6514,TMAX,1891,2026
USC00459238,47.7681,-118.7239,TMAX,1892,2026
USC00460580,37.7647,-81.1942,TMAX,1896,2026
USC00461220,38.9803,-80.22,TMAX,1891,2026
USC00463544,38.9339,-80.8317,TMAX,1891,2026
USC00465224,37.8567,-80.4042,TMAX,1900,2026
USC00465563,38.1025,-81.8464,TMAX,1894,2026
USC00466442,40.5261,-80.6275,TMAX,1892,2026
USC00467730,39.3389,-78.7711,TMAX,1891,2026
USC00468384,38.8008,-81.3583,TMAX,1892,2025
USC00469522,37.7883,-80.3083,TMAX,1895,2026
USC00470265,44.2769,-88.4378,TMAX,1893,2026
USC00470516,43.4583,-89.7269,TMAX,1893,2026
USC00470645,43.4428,-88.8453,TMAX,1893,2026
USC00470696,42.5039,-89.0311,TMAX,1893,2026
USC00471078,42.6181,-89.3867,TMAX,1897,2026
USC00471568,44.0328,-88.1469,TMAX,1894,2026
USC00472173,42.9608,-90.1161,TMAX,1896,2026
USC00472839,43.7953,-88.4533,TMAX,1893,2026
USC00473453,43.3317,-88.4117,TMAX,1897,2026
USC00473511,46.0003,-91.5075,TMAX,1893,2026
USC00474482,43.0803,-88.8967,TMAX,1893,2026
USC00474546,42.8278,-90.7889,TMAX,1893,2026
USC00475017,44.0869,-87.6522,TMAX,1893,2026
USC00475255,45.1308,-90.3439,TMAX,1893,2025
USC00475808,44.5378,-90.535,TMAX,1893,2026
USC00475932,44.3586,-88.7189,TMAX,1896,2025
USC00476200,43.1003,-88.5036,TMAX,1893,2026
USC00476208,44.8919,-87.955,TMAX,1893,2026
USC00476330,44.0206,-88.5578,TMAX,1893,2026
USC00476718,43.5306,-89.4369,TMAX,1896,2026
USC00476827,43.0514,-91.135,TMAX,1893,2026
USC00476922,42.7028,-87.7858,TMAX,1896,2026
USC00477052,43.5228,-90.0003,TMAX,1893,2026
USC00477113,45.5986,-89.4508,TMAX,1893,2026
USC00477708,44.7631,-88.6183,TMAX,1893,2026
USC00477997,43.9364,-90.8164,TMAX,1893,2024
USC00478027,45.8236,-91.8761,TMAX,1894,2026
USC00478171,44.5114,-89.5853,TMAX,1893,2026
USC00478827,43.5594,-90.8761,TMAX,1893,2026
USC00478919,43.1742,-88.7364,TMAX,1893,2026
USC00478937,42.9986,-88.2525,TMAX,1894,2026
USC00478951,44.3547,-89.0594,TMAX,1896,2025
USC00478978,45.3803,-87.9567,TMAX,1897,2026
USC00480540,44.3797,-108.035,TMAX,1898,2026
USC00481730,41.7589,-104.8228,TMAX,1900,2024
USC00481736,41.3975,-110.0883,TMAX,1891,2026
USC00481816,44.5781,-106.4472,TMAX,1881,2025
USC00483100,41.2625,-110.9456,TMAX,1890,2026
USC00484065,41.5167,-109.4703,TMAX,1897,2026
USC00485055,43.7144,-106.6378,TMAX,1900,2026
USC00485355,44.8956,-110.2342,TMAX,1881,2026
USC00485770,44.8378,-108.4039,TMAX,1897,2026
USC00486120,41.8994,-106.2056,TMAX,1881,2026
USC00488875,43.6483,-108.2036,TMAX,1899,2026
USC00489459,41.6717,-107.9783,TMAX,1897,2026
USC00489905,44.9767,-110.6964,TMAX,1894,2026
USW00003103,35.1442,-111.6664,TMAX,1893,2026
USW00003124,31.5883,-110.3442,TMAX,1900,2026
USW00012835,26.585,-81.8614,TMAX,1892,2026
USW00012841,28.5467,-81.3356,TMAX,1892,2026
USW00012919,25.9161,-97.4189,TMAX,1898,2026
USW00012930,29.9167,-90.1303,TMAX,1893,2026
USW00013713,35.3444,-77.9647,TMAX,1900,2026
USW00013724,39.3778,-74.4236,TMAX,1873,2026
USW00013734,39.4039,-77.975,TMAX,1891,2026
USW00013736,39.6497,-79.9206,TMAX,1877,2026
USW00013782,32.775,-79.9239,TMAX,1893,2026
USW00013872,35.5953,-82.5567,TMAX,1876,2026
USW00013941,30.2167,-93.15,TMAX,1895,2026
USW00013972,32.3586,-95.4039,TMAX,1883,2026
USW00013976,30.1986,-91.9894,TMAX,1893,2026
USW00013977,33.4561,-93.9878,TMAX,1892,2026
USW00013980,37.155,-98.0283,TMAX,1897,2026
USW00013981,37.6706,-95.4847,TMAX,1894,2026
USW00013984,39.5514,-97.6508,TMAX,1885,2026
USW00013991,39.1342,-93.2225,TMAX,1893,2026
USW00014734,40.6828,-74.1692,TMAX,1843,2026
USW00014743,44.5772,-75.1097,TMAX,1893,2024
USW00014804,42.6083,-82.8183,TMAX,1896,2026
USW00014828,43.9758,-84.4908,TMAX,1892,2026
USW00014834,41.55,-88.0833,TMAX,1893,2026
USW00014838,46.5458,-87.3794,TMAX,1860,2026
USW00014840,43.1711,-86.2369,TMAX,1896,2026
USW00014845,43.5281,-84.0814,TMAX,1898,2026
USW00014848,41.7072,-86.3164,TMAX,1893,2026
USW00014850,44.7389,-85.5678,TMAX,1896,2026
USW00014898,44.4986,-88.1111,TMAX,1886,2026
USW00014914,46.9242,-96.812,TMAX,1891,2026
USW00014924,48.9711,-97.2417,TMAX,1898,2026
USW00014925,43.9039,-92.4919,TMAX,1893,2026
USW00014929,45.4558,-98.4133,TMAX,1893,2026
USW00014931,40.7728,-91.1256,TMAX,1897,2026
USW00014936,44.3792,-98.2228,TMAX,1881,2026
USW00014946,44.9044,-97.1494,TMAX,1893,2026
USW00023051,36.4483,-103.1536,TMAX,1896,2026
USW00023065,39.3669,-101.7003,TMAX,1895,2026
USW00023066,39.1344,-108.5408,TMAX,1900,2026
USW00023154,39.2953,-114.8467,TMAX,1893,2026
USW00023157,37.3711,-118.3589,TMAX,1895,2026
USW00023194,35.0281,-110.7219,TMAX,1898,2026
USW00023271,38.5553,-121.4183,TMAX,1877,2025
USW00024028,41.8747,-103.6011,TMAX,1893,2026
USW00024036,47.0544,-109.4567,TMAX,1896,2026
USW00024121,40.8239,-115.7864,TMAX,1890,2026
USW00024128,40.9017,-117.8081,TMAX,1877,2026
USW00024135,45.9644,-112.5014,TMAX,1894,2026
USW00024157,47.6217,-117.5281,TMAX,1889,2026
USW00024231,43.2336,-123.3578,TMAX,1900,2026
USW00024232,44.905,-123.0011,TMAX,1893,2026
USW00024285,44.6431,-124.0556,TMAX,1893,2026
USW00053919,33.6361,-91.7556,TMAX,1876,2026
USW00093807,36.1333,-80.2244,TMAX,1899,2026
USW00093808,36.9647,-86.4239,TMAX,1893,2026
USW00093820,38.0339,-84.6114,TMAX,1872,2026
USW00093950,34.8825,-95.7817,TMAX,1893,2026
USW00093992,33.2208,-92.8142,TMAX,1892,2026
USW00094728,40.7789,-73.9692,TMAX,1869,2026
USW00094967,46.8997,-95.0669,TMAX,1893,2026
